{
    "350m_4_combined": 0.49248456954956055,
    "1.3b_4_combined": 0.5912914276123047,
    "2.7b_4_combined": 0.49602416157722473,
    "6.7b_4_combined": 0.5082422494888306
}