{
    "meta-llama/Llama-3.2-1B-Instruct_4_combined": 0.5016714930534363,
    "meta-llama_Llama-3.2-1B-Instruct_4_combined": 0.5016714930534363,
    "meta-llama_Llama-3.2-3B-Instruct_4_combined": 0.5345474481582642,
    "meta-llama_Llama-3.1-8B-Instruct_4_combined": 0.5002859234809875,
    "meta-llama_Llama-3.1-8B-Instruct_all-conj": 0.5123482346534729,
    "meta-llama_Llama-3.1-8B-Instruct_all-conj_ATTSE1DCNN_head8_dropout0.1": 0.5102
}
